Job Title,Company,Date Posted,Tags,Category,URL
Typescript Engineer,wander.com,2025-05-26T01:29:59+00:00,,dev,https://remoteok.com/remote-jobs/remote-typescript-engineer-wander-com-1093244
Senior Fullstack Software Engineer,Blotato,2025-05-10T01:38:55+00:00,,dev,https://remoteok.com/remote-jobs/remote-senior-fullstack-software-engineer-blotato-1093150
Tech Cofounder CTO,Founders Factory,2025-05-29T11:44:49+00:00,,dev,https://remoteok.com/remote-jobs/remote-tech-cofounder-cto-founders-factory-1093267
Senior Backend Engineer,HockeyStack,2025-05-27T21:55:03+00:00,,dev,https://remoteok.com/remote-jobs/remote-senior-backend-engineer-hockeystack-1093257
Senior Full Stack Engineer,Elevate,2025-05-28T21:00:14+00:00,,dev,https://remoteok.com/remote-jobs/remote-senior-full-stack-engineer-elevate-1093263
Senior Full stack Developer,Lemon.io,2025-05-27T09:56:21+00:00,,dev,https://remoteok.com/remote-jobs/remote-senior-full-stack-developer-lemon-io-1093252
Senior Account Lead,Sanctuary Computer,2025-05-26T15:46:29+00:00,,dev,https://remoteok.com/remote-jobs/remote-senior-account-lead-sanctuary-computer-1093250
Spanish Speaking Software Support Engineer,Payara,2025-05-26T09:05:18+00:00,,dev,https://remoteok.com/remote-jobs/remote-spanish-speaking-software-support-engineer-payara-1093246
Senior full stack engineer,Ideal Protein,2025-05-23T12:48:42+00:00,,dev,https://remoteok.com/remote-jobs/remote-senior-full-stack-engineer-ideal-protein-1083524
Senior Full Stack Developer,Zammad,2025-05-24T00:00:05+00:00,,dev,https://remoteok.com/remote-jobs/remote-senior-full-stack-developer-zammad-1093045
Senior Software Engineer,Contra,2025-05-23T14:44:28+00:00,,dev,https://remoteok.com/remote-jobs/remote-senior-software-engineer-contra-1093221
Senior Full Stack developer,Ringbook,2025-05-20T21:53:04+00:00,,dev,https://remoteok.com/remote-jobs/remote-senior-full-stack-developer-ringbook-1093206
Full Stack Software Engineer,Daisychain,2025-05-14T15:01:34+00:00,,dev,https://remoteok.com/remote-jobs/remote-full-stack-software-engineer-daisychain-1093170
Javascript Fullstack Engineer Senior,Lumenalta,2025-05-09T00:00:11+00:00,,dev,https://remoteok.com/remote-jobs/remote-javascript-fullstack-engineer-senior-lumenalta-1092919
Mobile App Developer,CrazyGames,2025-05-06T13:21:31+00:00,,dev,https://remoteok.com/remote-jobs/remote-mobile-app-developer-crazygames-1093117
Senior Software Engineer,Contra,2025-05-01T18:05:55+00:00,,dev,https://remoteok.com/remote-jobs/remote-senior-software-engineer-contra-1093088
Administrative Executive,Prime Design & Build,2025-04-19T14:29:22+00:00,,dev,https://remoteok.com/remote-jobs/remote-administrative-executive-prime-design-build-1092987
Senior Software Engineer,Emergent Software,2025-04-12T16:01:56+00:00,,dev,https://remoteok.com/remote-jobs/remote-senior-software-engineer-emergent-software-1092940
Full Stack Developer,Incyte Studios,2025-04-06T00:00:05+00:00,,dev,https://remoteok.com/remote-jobs/remote-full-stack-developer-incyte-studios-1086821
Senior PHP Laravel Developer Full Stack,Interaction Design Foundation,2025-03-23T00:00:08+00:00,,dev,https://remoteok.com/remote-jobs/remote-senior-php-laravel-developer-full-stack-interaction-design-foundation-1084150
Brand Designer,Contra,2025-04-22T19:49:20+00:00,,data,https://remoteok.com/remote-jobs/remote-brand-designer-contra-1093024
Motion Designer,Contra,2025-04-22T19:43:05+00:00,,data,https://remoteok.com/remote-jobs/remote-motion-designer-contra-1093022
Web Developer,Contra,2025-04-22T19:41:39+00:00,,data,https://remoteok.com/remote-jobs/remote-web-developer-contra-1093019
VP of Engineering,Soda Data,2025-03-11T15:05:28+00:00,,data,https://remoteok.com/remote-jobs/remote-vp-of-engineering-soda-data-1087577
Symplast Forms Specialist Patient Intake Customizations,Symplast,2025-04-15T15:27:45+00:00,,data,https://remoteok.com/remote-jobs/remote-symplast-forms-specialist-patient-intake-customizations-symplast-1092967
Data Migration Specialist Data Import & Export,Symplast,2025-04-15T14:53:49+00:00,,data,https://remoteok.com/remote-jobs/remote-data-migration-specialist-data-import-export-symplast-1092966
Technical Consultant,Contra,2025-04-14T22:14:58+00:00,,data,https://remoteok.com/remote-jobs/remote-technical-consultant-contra-1092960
Senior Data Engineer,Soda Data,2025-03-10T19:29:04+00:00,,data,https://remoteok.com/remote-jobs/remote-senior-data-engineer-soda-data-1087414
Data Warehouse Engineer,Plutus,2024-10-11T00:00:04+00:00,,data,https://remoteok.com/remote-jobs/remote-data-warehouse-engineer-plutus-935089
Data Scientist & Data Engineer AI ML,Lemon.io,2024-02-07T12:53:37+00:00,,data,https://remoteok.com/remote-jobs/remote-data-scientist-data-engineer-ai-ml-lemon-io-613825
Senior DataOps Engineer,Revelator,2024-01-28T08:34:20+00:00,,data,https://remoteok.com/remote-jobs/remote-senior-dataops-engineer-revelator-599532
Senior Microsoft PowerBI Developer,Proxify,2024-01-01T00:00:16+00:00,,data,https://remoteok.com/remote-jobs/remote-senior-microsoft-powerbi-developer-proxify-382265
Senior Data Engineer,Proxify,2024-01-01T00:00:15+00:00,,data,https://remoteok.com/remote-jobs/remote-senior-data-engineer-proxify-382258
Senior Analyst for Customer Analytics & Insights,Nadine West,2023-08-03T10:00:55+00:00,,data,https://remoteok.com/remote-jobs/remote-senior-analyst-for-customer-analytics-insights-nadine-west-344392
Senior Data Engineer Long term,Proxify,2023-07-30T00:00:13+00:00,,data,https://remoteok.com/remote-jobs/remote-senior-data-engineer-long-term-proxify-187862
Integrations Team Lead,CoinLedger,2023-05-23T17:20:21+00:00,,data,https://remoteok.com/remote-jobs/remote-integrations-team-lead-coinledger-248850
Senior Backend and Data Engineer,Paperpile,2023-05-09T05:46:36+00:00,,data,https://remoteok.com/remote-jobs/remote-senior-backend-and-data-engineer-paperpile-235198
Data Engineer,Tessera,2023-04-19T17:53:44+00:00,,data,https://remoteok.com/remote-jobs/remote-data-engineer-tessera-225194
Staff Data Scientist Search Machine Learning Platform,Indeed,2022-10-13T05:43:02+00:00,,data,https://remoteok.com/remote-jobs/remote-staff-data-scientist-search-machine-learning-platform-indeed-132377
Senior Product Manager SMB Labs,Indeed,2022-10-13T02:02:37+00:00,,data,https://remoteok.com/remote-jobs/remote-senior-product-manager-smb-labs-indeed-132303
UX Designer II,Zeta,2025-05-29T12:00:35+00:00,,design,https://remoteok.com/remote-jobs/remote-ux-designer-ii-zeta-1093268
Lead Product Designer,Stealth,2025-05-21T00:00:09+00:00,,design,https://remoteok.com/remote-jobs/remote-lead-product-designer-stealth-1093013
Frontend Software Engineer,Bitwise Asset Management,2025-05-27T18:00:03+00:00,,design,https://remoteok.com/remote-jobs/remote-frontend-software-engineer-bitwise-asset-management-1093256
Senior Full stack Developer,Lemon.io,2025-05-27T09:56:21+00:00,,design,https://remoteok.com/remote-jobs/remote-senior-full-stack-developer-lemon-io-1093252
Paid Media Designer,Flex,2025-05-26T11:00:03+00:00,,design,https://remoteok.com/remote-jobs/remote-paid-media-designer-flex-1093247
Software Engineer II Android,AllTrails,2025-05-26T00:02:35+00:00,,design,https://remoteok.com/remote-jobs/remote-software-engineer-ii-android-alltrails-1093238
Staff Mobile Engineer React Native Europe,Hostaway,2025-05-26T00:02:03+00:00,,design,https://remoteok.com/remote-jobs/remote-staff-mobile-engineer-react-native-europe-hostaway-1093235
Graphic Designer Fully Position,Meeting Tomorrow,2025-05-26T00:01:33+00:00,,design,https://remoteok.com/remote-jobs/remote-graphic-designer-fully-position-meeting-tomorrow-1093232
People Analytics Business Partner,H1,2025-05-25T05:00:03+00:00,,design,https://remoteok.com/remote-jobs/remote-people-analytics-business-partner-h1-1093225
Full Stack Engineer,MediaLab,2025-05-23T20:00:01+00:00,,design,https://remoteok.com/remote-jobs/remote-full-stack-engineer-medialab-1093223
Frontend Software Engineer,Bitwise Asset Management,2025-05-23T14:00:10+00:00,,design,https://remoteok.com/remote-jobs/remote-frontend-software-engineer-bitwise-asset-management-1093220
Job 23799 Sênior Java Developer Brazil,CI&T,2025-05-23T00:00:06+00:00,,design,https://remoteok.com/remote-jobs/remote-job-23799-senior-java-developer-brazil-ciampt-1093219
Software Engineer,Titan,2025-05-22T14:00:04+00:00,,design,https://remoteok.com/remote-jobs/remote-software-engineer-titan-1093216
Pessoa Advogada Jr Privacidade e Proteção de Dados,Neon Pagamentos,2025-05-22T00:00:07+00:00,,design,https://remoteok.com/remote-jobs/remote-pessoa-advogada-jr-privacidade-e-protecao-de-dados-neon-pagamentos-1093211
project manager,Prime design and build,2025-05-21T23:37:25+00:00,,design,https://remoteok.com/remote-jobs/remote-project-manager-prime-design-and-build-1093210
TikTok Video Director,Coin Market Cap Ltd,2025-05-20T18:00:02+00:00,,design,https://remoteok.com/remote-jobs/remote-tiktok-video-director-coin-market-cap-ltd-1093205
Manager Engineering II Data Pipelines,Ironclad,2025-05-17T13:00:04+00:00,,design,https://remoteok.com/remote-jobs/remote-manager-engineering-ii-data-pipelines-ironclad-1093192
Visual Designer,PIP Labs,2025-05-16T22:00:03+00:00,,design,https://remoteok.com/remote-jobs/remote-visual-designer-pip-labs-1093190
Marketing Design Intern 2025 Summer Intern,Symmetry Systems,2025-05-16T11:00:10+00:00,,design,https://remoteok.com/remote-jobs/remote-marketing-design-intern-2025-summer-intern-symmetry-systems-1093189
Member of Product Trading,Anchorage Digital,2025-05-16T10:00:03+00:00,,design,https://remoteok.com/remote-jobs/remote-member-of-product-trading-anchorage-digital-1093187
Meta Ads Specialist,97Focus,2025-05-29T08:27:40+00:00,,marketing,https://remoteok.com/remote-jobs/remote-meta-ads-specialist-97focus-1093265
DeFi Sales & Business Development Manager,HELIX,2025-05-28T19:00:05+00:00,,marketing,https://remoteok.com/remote-jobs/remote-defi-sales-business-development-manager-helix-1093261
Frontend Software Engineer,Bitwise Asset Management,2025-05-27T18:00:03+00:00,,marketing,https://remoteok.com/remote-jobs/remote-frontend-software-engineer-bitwise-asset-management-1093256
Wattpad Marketing Intern,WEBTOON Entertainment Inc. (Wattpad & WEBTOON Family of Brands),2025-05-27T16:00:24+00:00,,marketing,https://remoteok.com/remote-jobs/remote-wattpad-marketing-intern-webtoon-entertainment-inc-wattpad-amp-webtoon-family-of-brands-1093255
SEO guest posting & outreach freelancer,pagesection.com,2025-05-27T14:25:52+00:00,,marketing,https://remoteok.com/remote-jobs/remote-seo-guest-posting-outreach-freelancer-pagesection-com-1093254
Paid Media Designer,Flex,2025-05-26T11:00:03+00:00,,marketing,https://remoteok.com/remote-jobs/remote-paid-media-designer-flex-1093247
Project Manager,RainFocus,2025-05-26T00:02:57+00:00,,marketing,https://remoteok.com/remote-jobs/remote-project-manager-rainfocus-1093239
Graphic Designer Fully Position,Meeting Tomorrow,2025-05-26T00:01:33+00:00,,marketing,https://remoteok.com/remote-jobs/remote-graphic-designer-fully-position-meeting-tomorrow-1093232
Frontend Software Engineer,Bitwise Asset Management,2025-05-23T14:00:10+00:00,,marketing,https://remoteok.com/remote-jobs/remote-frontend-software-engineer-bitwise-asset-management-1093220
Software Engineer,Titan,2025-05-22T14:00:04+00:00,,marketing,https://remoteok.com/remote-jobs/remote-software-engineer-titan-1093216
Jr Business Analyst,HealthCare,2025-05-22T08:00:12+00:00,,marketing,https://remoteok.com/remote-jobs/remote-jr-business-analyst-healthcare-1093213
Member of Product Marketing Protocols,Anchorage Digital,2025-05-19T11:00:03+00:00,,marketing,https://remoteok.com/remote-jobs/remote-member-of-product-marketing-protocols-anchorage-digital-1093197
Visual Designer,PIP Labs,2025-05-16T22:00:03+00:00,,marketing,https://remoteok.com/remote-jobs/remote-visual-designer-pip-labs-1093190
Marketing Design Intern 2025 Summer Intern,Symmetry Systems,2025-05-16T11:00:10+00:00,,marketing,https://remoteok.com/remote-jobs/remote-marketing-design-intern-2025-summer-intern-symmetry-systems-1093189
Lifecycle Marketing Associate,Blueland,2025-05-16T11:00:03+00:00,,marketing,https://remoteok.com/remote-jobs/remote-lifecycle-marketing-associate-blueland-1093188
Account Coordinator,Bluelight Consulting,2025-05-13T08:00:10+00:00,,marketing,https://remoteok.com/remote-jobs/remote-account-coordinator-bluelight-consulting-1093163
Influencer Marketing Intern,NextStep,2025-05-04T11:19:35+00:00,,marketing,https://remoteok.com/remote-jobs/remote-influencer-marketing-intern-nextstep-1093103
Content Writer,Blink UX,2025-05-09T11:00:11+00:00,,marketing,https://remoteok.com/remote-jobs/remote-content-writer-blink-ux-1093147
Sales Development Representative,Torch,2025-05-09T11:00:02+00:00,,marketing,https://remoteok.com/remote-jobs/remote-sales-development-representative-torch-1093146
Web3 Marketing Manager,"Manta Network, Powered by p0x labs",2025-05-08T17:00:02+00:00,,marketing,https://remoteok.com/remote-jobs/remote-web3-marketing-manager-manta-network-powered-by-p0x-labs-1093142
Member Support Unicorn,Interaction Design Foundation,2025-05-15T11:41:41+00:00,,customer-support,https://remoteok.com/remote-jobs/remote-member-support-unicorn-interaction-design-foundation-1093181
Guest Support Agent,HostGenius,2025-05-12T00:00:06+00:00,,customer-support,https://remoteok.com/remote-jobs/remote-guest-support-agent-hostgenius-1092947
Admin and Support Specialist,Interaction Design Foundation,2025-04-12T00:00:07+00:00,,customer-support,https://remoteok.com/remote-jobs/remote-admin-and-support-specialist-interaction-design-foundation-1087945
spoke person,labs ai,2025-03-11T16:07:25+00:00,,customer-support,https://remoteok.com/remote-jobs/remote-spoke-person-labs-ai-1087588
Work from Home Customer Service Assistant $28 $30 Hourly,MasterCraft Boating Company,2025-03-08T00:00:06+00:00,,customer-support,https://remoteok.com/remote-jobs/remote-work-from-home-customer-service-assistant-28-30-hourly-mastercraft-boating-company-1060118
$1 000 Weekly DATA ENTRY ASSISTANT,MasterCraft,2025-02-26T00:00:06+00:00,,customer-support,https://remoteok.com/remote-jobs/remote-1-000-weekly-data-entry-assistant-mastercraft-1058168
CSR,BSMG,2025-02-14T00:00:08+00:00,,customer-support,https://remoteok.com/remote-jobs/remote-csr-bsmg-1061603
Data Entry Virtual Assistant,MasterCraft,2024-11-28T15:22:16+00:00,,customer-support,https://remoteok.com/remote-jobs/remote-data-entry-virtual-assistant-mastercraft-1058257
Virtual Assistant,Bikram Yoga Rancho Cucamonga,2024-11-28T00:00:05+00:00,,customer-support,https://remoteok.com/remote-jobs/remote-virtual-assistant-bikram-yoga-rancho-cucamonga-971487
Customer Support Specialist,Clipboard Health,2024-10-13T17:51:59+00:00,,customer-support,https://remoteok.com/remote-jobs/remote-customer-support-specialist-clipboard-health-994471
Technical Support Engineer Developer,LimeSurvey,2024-10-05T00:00:03+00:00,,customer-support,https://remoteok.com/remote-jobs/remote-technical-support-engineer-developer-limesurvey-925464
Appointment Setters,Air Titans,2024-06-12T00:00:05+00:00,,customer-support,https://remoteok.com/remote-jobs/remote-appointment-setters-air-titans-754411
President LISC Green,Local Initiatives Support Corporation,2024-06-04T04:00:02+00:00,,customer-support,https://remoteok.com/remote-jobs/remote-president-lisc-green-local-initiatives-support-corporation-785951
Customer Success & Video Content Creator,Mozverse,2024-06-03T21:05:17+00:00,,customer-support,https://remoteok.com/remote-jobs/remote-customer-success-video-content-creator-mozverse-785524
Executive Administrative Assistant,ACI Flooring,2024-04-11T00:00:05+00:00,,customer-support,https://remoteok.com/remote-jobs/remote-executive-administrative-assistant-aci-flooring-575806
Technical Support Engineer,Silverfin,2022-02-03T08:21:10+00:00,,customer-support,https://remoteok.com/remote-jobs/108537-remote-technical-support-engineer-silverfin
Customer Support Executive,Close,2022-01-26T20:17:24+00:00,,customer-support,https://remoteok.com/remote-jobs/108423-remote-customer-support-executive-close
Marketing Data Scientist,Recast,2021-12-28T19:06:36+00:00,,customer-support,https://remoteok.com/remote-jobs/107901-remote-marketing-data-scientist-recast
Technical Customer Support Manager,SaaS Industries GmbH,2021-12-08T19:10:14+00:00,,customer-support,https://remoteok.com/remote-jobs/107632-remote-technical-customer-support-manager-saas-industries-gmbh
Customer Support Champion,Greenback Expat Tax Services,2021-11-30T03:22:28+00:00,,customer-support,https://remoteok.com/remote-jobs/107449-remote-customer-support-champion-greenback-expat-tax-services
